{
  "abbor-alz": [2377.6934814453125, 1652.9039916992188],
  "admundfort": [2418.169921875, 1229.03662109375],
  "adri-forest": [3605.2506103515625, 1600.6499633789062],
  "aerdi-sea": [3985.18701171875, 2396.9281005859375],
  "ahlissa": [3093.8094482421875, 2042.9227294921875],
  "amedio-jungle": [1876.649658203125, 3140.8525390625],
  "antalotol": [490.7605743408203, 1134.0888671875],
  "artonsamay-river": [2728.2813720703125, 1000.9349060058594],
  "asperdi": [4381.11083984375, 1633.9229736328125],
  "att-river": [1883.07666015625, 1440.354248046875],
  "attir": [4104.1744384765625, 1320.712158203125],
  "axewood": [1557.5830688476562, 1885.4317016601562],
  "azure-sea": [2239.740234375, 2502.5345458984375],
  "badwall": [2133.981689453125, 1879.581787109375],
  "bandit-kingdoms": [2619.138671875, 883.6629638671875],
  "barrier-peaks": [923.7792358398438, 1565.4216918945312],
  "bastro": [3063.58203125, 332.6989288330078],
  "beetu": [2822.5576171875, 1715.3338623046875],
  "bellport": [3773.3135986328125, 1179.9750366210938],
  "bissel": [1349.500244140625, 1531.9367065429688],
  "blackmoor": [1873.2363891601562, 111.9550895690918],
  "blackwater": [1830.4063720703125, 476.8336944580078],
  "blashikmund": [813.4534301757812, 933.8096618652344],
  "blemu-hills": [3532.2432861328125, 1272.064208984375],
  "blue": [2462.4281005859375, 2166.7056884765625],
  "bluff-hills": [2784.8515625, 632.9048461914062],
  "bone-march": [3661.237548828125, 1062.5415649414062],
  "bramblewood-forest": [1251.5865478515625, 1261.598876953125],
  "bright-desert": [2553.4827880859375, 1790.7932739257812],
  "burneal-forest": [1337.2125244140625, 187.27178192138672],
  "cairn-hills": [2365.7352294921875, 1444.0516967773438],
  "calbut": [3101.24365234375, 601.0975952148438],
  "caliphate-ekbir": [750.7338562011719, 815.66259765625],
  "celadon-forest": [2763.6768798828125, 1633.6198120117188],
  "celene": [1893.2156372070312, 1701.5738525390625],
  "ceshra": [828.0068969726562, 1117.7689819335938],
  "chathold": [3298.7637939453125, 1845.989990234375],
  "chendl": [1815.1497802734375, 1143.6067504882812],
  "clatspur-range": [1535.43701171875, 872.6315002441406],
  "cold-marshes": [2080.266845703125, 359.05763244628906],
  "cold-run": [2628.433837890625, 585.7970886230469],
  "corusk": [3880.894287109375, 247.93897247314453],
  "county-sunndi": [3466.4755859375, 2377.4244384765625],
  "county-ulek": [1860.9306030273438, 2018.624755859375],
  "county-urnst": [2714.349853515625, 1319.0170288085938],
  "courwood": [1965.0855102539062, 1865.2357788085938],
  "critwall": [2302.0787353515625, 1200.1723022460938],
  "crockport": [1923.4295654296875, 1089.4932861328125],
  "cryllor": [1513.5956420898438, 2127.07861328125],
  "crystal-river": [2029.939697265625, 1146.8831176757812],
  "crystalmist-mountains": [911.6651000976562, 2110.224365234375],
  "dantredun": [1926.2081298828125, 234.10384368896484],
  "davish-river": [1117.2703247070312, 2101.246337890625],
  "deepstill-river": [1826.7808837890625, 669.886962890625],
  "delaric": [3972.818359375, 1548.3831176757812],
  "densac-gulf": [2731.0621337890625, 2998.499755859375],
  "dim-forest": [1228.0822143554688, 1634.2351684570312],
  "djekul": [3578.4901123046875, 614.5089721679688],
  "dorakaa": [2035.9927978515625, 771.2527465820312],
  "drachensgrab-hills": [2319.3851318359375, 2106.3126220703125],
  "dramidj-ocean": [583.6726379394531, 211.4673843383789],
  "dreadwood": [1673.5028686523438, 2300.413330078125],
  "dry-steppes": [668.7311706542969, 2306.4661865234375],
  "duchy-tenh": [2892.9068603515625, 764.6299438476562],
  "duchy-ulek": [1689.8902587890625, 1851.5634765625],
  "duchy-urnst": [2548.665283203125, 1539.8079223632812],
  "dullstrand": [3789.4813232421875, 2534.9896240234375],
  "dulsi-river": [1950.6657104492188, 710.2214050292969],
  "duntide-river": [3008.4251708984375, 1512.0279541015625],
  "duxchan": [3768.361328125, 2734.8270263671875],
  "dyvers": [2088.786376953125, 1495.73974609375],
  "eastfair": [3815.1199951171875, 1359.2117309570312],
  "edge-field": [3691.4405517578125, 1485.7276000976562],
  "ekbir": [690.2441101074219, 823.1522827148438],
  "ekul": [3481.746337890625, 2882.68603515625],
  "elredd": [2139.379150390625, 1911.1903686523438],
  "enstad": [1929.3098754882812, 1737.2437744140625],
  "eru-tovar": [1695.9887084960938, 457.13722229003906],
  "ery": [2225.55712890625, 1498.144775390625],
  "exag": [1218.1885375976562, 730.4761352539062],
  "fairwind-isle": [1941.8362426757812, 2477.4007568359375],
  "fals-river": [1497.8143310546875, 1362.1290283203125],
  "fax": [2112.622314453125, 1832.3359985351562],
  "fellreev-forest": [2554.3033447265625, 658.7562561035156],
  "ferrond": [1844.8573608398438, 1095.4613952636719],
  "flanmi-river": [3752.47607421875, 1695.0047607421875],
  "flen": [1352.90869140625, 2033.1596069335938],
  "fler-river": [1311.1729125976562, 402.8861389160156],
  "flinty-hills": [3297.6502685546875, 1331.0020751953125],
  "flotsom-island": [1849.7681884765625, 2531.5465087890625],
  "forgotten-city": [680.2359008789062, 3026.1015625],
  "forlorn-forest": [2759.70947265625, 408.1053009033203],
  "franz-river": [2835.227783203125, 1315.4692993164062],
  "frost-barbarians": [3630.2811279296875, 480.2056427001953],
  "frozen-river": [3114.3441162109375, 309.36582946777344],
  "gamboge-forest": [3120.229248046875, 1181.001220703125],
  "glorioles": [3524.396240234375, 2232.7237548828125],
  "glot": [4488.6513671875, 485.06788635253906],
  "gnarley-forest": [2101.86328125, 1539.094970703125],
  "gnatmarsh": [2767.1363525390625, 1790.3904418945312],
  "good-hills": [1390.4055786132812, 2075.1043701171875],
  "gorna": [1075.8599243164062, 1897.1893920898438],
  "grabford": [2014.7952880859375, 1038.1021118164062],
  "gradsul": [1804.2012939453125, 2243.911376953125],
  "gran-march": [1480.22119140625, 1702.1698608398438],
  "grand-duchy-geoff": [1013.0478210449219, 1774.2555541992188],
  "grandwood-forest": [3985.3125, 1943.9755249023438],
  "grayflood": [3355.227783203125, 2134.467529296875],
  "great-kingdom": [3652.8394775390625, 1800.1063232421875],
  "grendep-bay": [3855.2359619140625, 687.7261352539062],
  "greyhawk": [2284.7059326171875, 1461.9320678710938],
  "griff-mountains": [3253.5242919921875, 511.6510314941406],
  "gryrax": [1963.3639526367188, 2182.8411865234375],
  "gull-cliffs": [4104.8953857421875, 1692.0814208984375],
  "hardby": [2267.608642578125, 1609.6134033203125],
  "harp-river": [3349.6334228515625, 1825.6492919921875],
  "havenhill": [2077.5404052734375, 2144.44189453125],
  "headlands": [2837.864013671875, 2206.453857421875],
  "hellfurnaces": [1300.80859375, 2743.1383056640625],
  "hepmonaland": [3702.76513671875, 3099.973876953125],
  "hestmark-highlands": [3662.171875, 2410.2789306640625],
  "hexpools": [3245.8131103515625, 2128.1685791015625],
  "highfolk": [1597.0753173828125, 1187.2926025390625],
  "highport": [2296.6029052734375, 1996.720458984375],
  "hochoch": [1265.93603515625, 1776.8418579101562],
  "hokar": [1559.2584228515625, 2593.8306884765625],
  "hold-sea-princes": [1578.43603515625, 2536.3887939453125],
  "hold-stonefist": [3175.36328125, 189.97642517089844],
  "hollow-highlands": [3299.6026611328125, 2416.451416015625],
  "hookhill": [1383.8985595703125, 1605.6201171875],
  "hool-marshes": [1411.1728515625, 2515.83203125],
  "hool-river": [1410.2440795898438, 2641.0010986328125],
  "horned-society": [2206.1063232421875, 966.1178283691406],
  "hornwood": [965.0987854003906, 1897.5092163085938],
  "howling-hills": [2040.8259887695312, 500.4732666015625],
  "hraak-forest": [3353.9058837890625, 256.18309783935547],
  "ice-barbarians": [4264.7784423828125, 99.00432586669922],
  "icy-sea": [2673.8541259765625, 60.63258361816406],
  "idee": [3099.6431884765625, 2318.4356689453125],
  "imeda-river": [3943.1099853515625, 1725.4423217773438],
  "innspa": [3352.2529296875, 1544.8052368164062],